<?xml version="1.0" encoding="UTF-8"?>
<Patch>
	<Operation Class="PatchOperationSequence">
  		<operations>
             <li Class="PatchOperationAdd">
		   		<xpath>/Defs/TerrainDef[defName="Concrete"]</xpath>
		   		<value>
			   		<designatorDropdown>Floor_Concrete</designatorDropdown>
		   		</value>
			</li>
             <li Class="PatchOperationAdd">
		   		<xpath>/Defs/TerrainDef[defName="WoodPlankFloor"]</xpath>
		   		<value>
			   		<designatorDropdown>Floor_Wood</designatorDropdown>
		   		</value>
			</li>
             <li Class="PatchOperationAdd">
		   		<xpath>/Defs/TerrainDef[defName="SterileTile"]</xpath>
		   		<value>
			   		<designatorDropdown>Floor_Sterile</designatorDropdown>
		   		</value>
			</li>
			 <li Class="PatchOperationAdd">
		   		<xpath>/Defs/TerrainDef[defName="PavedTile"]</xpath>
		   		<value>
			   		<designatorDropdown>Floor_PavedTile</designatorDropdown>
		   		</value>
			</li>
  		</operations>
	</Operation>
</Patch>