<?xml version="1.0" encoding="utf-8"?>
<ModMetaData>
    <name>Armored Floors</name>
    <author>the_codewarrior</author>
    <supportedVersions>
        <li>1.1</li>
        <li>1.2</li>
    </supportedVersions>
    <packageId>thecodewarrior.ArmoredFloors</packageId>
    <description>Armor plating for your floors to keep those beastly burrowing bugs out of your base. Turns out all it takes is two inches of steel-plasteel composite to keep the pesky critters out!\n\nBuild armored floors on any tile with overhead mountain to avoid infestations. Note that the flooring only prevents the *event* from spawning in a given tile. Bug nests can still appear on armored tiles if an infestation spawns on a nearby unarmored tile (the infestation event can occur on the unarmored tile then spawns nests in a radius around that tile).</description>
    <url>https://steamcommunity.com/id/the_codewarrior/myworkshopfiles/?appid=294100</url>
    <modDependencies>
        <li>
            <packageId>brrainz.harmony</packageId>
            <displayName>Harmony</displayName>
            <steamWorkshopUrl>steam://url/CommunityFilePage/2009463077</steamWorkshopUrl>
            <downloadUrl>https://github.com/pardeike/HarmonyRimWorld/releases/latest</downloadUrl>
        </li>
    </modDependencies>
    <loadAfter>
		<li>wofl.MoreFurnitureUpdated</li>
		<li>dianawinters.Orassans</li>
		<li>dianawinters.OrassansLite</li>
		<li>BiomesTeam.BiomesIslands</li>
  	</loadAfter>
</ModMetaData>
